,mse,rmse,mae,mape
y,0.5201032438311902,0.7211818382566149,0.5621195356044776,0.06979905548977107
