,mse,rmse,mae,mape
y,0.7559597956742807,0.8694594847802172,0.7338351191776663,0.09180095427774357
