,mse,rmse,mae,mape
y,1.5137289804303922,1.230336937765583,0.9776981073000153,0.11482519483814346
