,mse,rmse,mae,mape
y,0.6864863137702684,0.8285446963020573,0.6890445902099561,0.08618740247282386
