,mse,rmse,mae,mape
y,0.6915304336042573,0.8315830888156981,0.6925486998050016,0.08651667347107546
