,mse,rmse,mae,mape
y,1.0284345243885966,1.0141176087558073,0.8808408844621888,0.11029796985067433
