,mse,rmse,mae,mape
y,0.6706757353043906,0.8189479441969377,0.6782086856011549,0.08464955787395187
