,mse,rmse,mae,mape
y,0.8239946168781397,0.9077414923193385,0.7740681101895128,0.09689443299196994
