,mse,rmse,mae,mape
y,1.8445725444588323,1.358150413046667,1.2046274968547435,0.1493699847290362
