,mse,rmse,mae,mape
y,0.7621335168312593,0.8730025869556511,0.7375980183601724,0.09224689170024192
